"quantile","threshold","group","size","weighted_clustering","unweighted_clustering","density","weighted_assortativity","unweighted_assortativity","size_(%)","size_ratio"
0.0,0.08105592,"0",5,0.2611440584916409,0.3333333333333333,0.5,-0.5637816930233399,-0.5624999999999999,100,1.0
0.0,0.08105592,"1",5,0.502374322361354,0.9,0.9,-0.20359670881229847,-0.5,100,1.0
0.0,0.08105592,"2",4,0.0,0.0,0.5,0.0466166467385829,-0.5000000000000001,100,1.0
0.01,0.08202006768,"0",5,0.2611440584916409,0.3333333333333333,0.5,-0.5637816930233399,-0.5624999999999999,100,1.0
0.01,0.08202006768,"1",5,0.502374322361354,0.9,0.9,-0.20359670881229847,-0.5,100,1.0
0.01,0.08202006768,"2",3,0.0,0.0,0.6666666666666666,-0.7734646332961084,-1.0,75,0.75
0.02,0.08298421536,"0",5,0.2611440584916409,0.3333333333333333,0.5,-0.5637816930233399,-0.5624999999999999,100,1.0
0.02,0.08298421536,"1",5,0.502374322361354,0.9,0.9,-0.20359670881229847,-0.5,100,1.0
0.02,0.08298421536,"2",3,0.0,0.0,0.6666666666666666,-0.7734646332961084,-1.0,75,0.75
0.03,0.08394836304,"0",5,0.2611440584916409,0.3333333333333333,0.5,-0.5637816930233399,-0.5624999999999999,100,1.0
0.03,0.08394836304,"1",5,0.502374322361354,0.9,0.9,-0.20359670881229847,-0.5,100,1.0
0.03,0.08394836304,"2",3,0.0,0.0,0.6666666666666666,-0.7734646332961084,-1.0,75,0.75
0.04,0.08491251072,"0",5,0.2611440584916409,0.3333333333333333,0.5,-0.5637816930233399,-0.5624999999999999,100,1.0
0.04,0.08491251072,"1",5,0.502374322361354,0.9,0.9,-0.20359670881229847,-0.5,100,1.0
0.04,0.08491251072,"2",3,0.0,0.0,0.6666666666666666,-0.7734646332961084,-1.0,75,0.75
0.05,0.0858766584,"0",5,0.2611440584916409,0.3333333333333333,0.5,-0.5637816930233399,-0.5624999999999999,100,1.0
0.05,0.0858766584,"1",5,0.502374322361354,0.9,0.9,-0.20359670881229847,-0.5,100,1.0
0.05,0.0858766584,"2",3,0.0,0.0,0.6666666666666666,-0.7734646332961084,-1.0,75,0.75
0.06,0.09462392192,"0",5,0.2611440584916409,0.3333333333333333,0.5,-0.5637816930233399,-0.5624999999999999,100,1.0
0.06,0.09462392192,"1",5,0.502374322361354,0.9,0.9,-0.20359670881229847,-0.5,100,1.0
0.06,0.09462392192,"2",2,0.0,0.0,1.0,"","",50,0.5
0.07,0.11310008024000003,"0",5,0.2611440584916409,0.3333333333333333,0.5,-0.5637816930233399,-0.5624999999999999,100,1.0
0.07,0.11310008024000003,"1",5,0.502374322361354,0.9,0.9,-0.20359670881229847,-0.5,100,1.0
0.07,0.11310008024000003,"2",2,0.0,0.0,1.0,"","",50,0.5
0.08,0.13157623856,"0",5,0.2611440584916409,0.3333333333333333,0.5,-0.5637816930233399,-0.5624999999999999,100,1.0
0.08,0.13157623856,"1",5,0.502374322361354,0.9,0.9,-0.20359670881229847,-0.5,100,1.0
0.08,0.13157623856,"2",2,0.0,0.0,1.0,"","",50,0.5
0.09,0.15005239688,"0",5,0.2611440584916409,0.3333333333333333,0.5,-0.5637816930233399,-0.5624999999999999,100,1.0
0.09,0.15005239688,"1",5,0.502374322361354,0.9,0.9,-0.20359670881229847,-0.5,100,1.0
0.09,0.15005239688,"2",2,0.0,0.0,1.0,"","",50,0.5
0.1,0.1685285552,"0",5,0.2611440584916409,0.3333333333333333,0.5,-0.5637816930233399,-0.5624999999999999,100,1.0
0.1,0.1685285552,"1",5,0.502374322361354,0.9,0.9,-0.20359670881229847,-0.5,100,1.0
0.1,0.1685285552,"2",2,0.0,0.0,1.0,"","",50,0.5
0.11,0.18700471352,"0",5,0.2611440584916409,0.3333333333333333,0.5,-0.5637816930233399,-0.5624999999999999,100,1.0
0.11,0.18700471352,"1",5,0.502374322361354,0.9,0.9,-0.20359670881229847,-0.5,100,1.0
0.11,0.18700471352,"2",2,0.0,0.0,1.0,"","",50,0.5
0.12,0.1897757608,"0",5,0.2611440584916409,0.3333333333333333,0.5,-0.5637816930233399,-0.5624999999999999,100,1.0
0.12,0.1897757608,"1",5,0.502374322361354,0.9,0.9,-0.20359670881229847,-0.5,100,1.0
0.12,0.1897757608,"2",2,0.0,0.0,1.0,"","",50,0.5
0.13,0.1905836692,"0",5,0.2611440584916409,0.3333333333333333,0.5,-0.5637816930233399,-0.5624999999999999,100,1.0
0.13,0.1905836692,"1",5,0.502374322361354,0.9,0.9,-0.20359670881229847,-0.5,100,1.0
0.13,0.1905836692,"2",2,0.0,0.0,1.0,"","",50,0.5
0.14,0.1913915776,"0",5,0.2611440584916409,0.3333333333333333,0.5,-0.5637816930233399,-0.5624999999999999,100,1.0
0.14,0.1913915776,"1",5,0.502374322361354,0.9,0.9,-0.20359670881229847,-0.5,100,1.0
0.14,0.1913915776,"2",2,0.0,0.0,1.0,"","",50,0.5
0.15,0.192199486,"0",5,0.2611440584916409,0.3333333333333333,0.5,-0.5637816930233399,-0.5624999999999999,100,1.0
0.15,0.192199486,"1",5,0.502374322361354,0.9,0.9,-0.20359670881229847,-0.5,100,1.0
0.15,0.192199486,"2",2,0.0,0.0,1.0,"","",50,0.5
0.16,0.1930073944,"0",5,0.2611440584916409,0.3333333333333333,0.5,-0.5637816930233399,-0.5624999999999999,100,1.0
0.16,0.1930073944,"1",5,0.502374322361354,0.9,0.9,-0.20359670881229847,-0.5,100,1.0
0.16,0.1930073944,"2",2,0.0,0.0,1.0,"","",50,0.5
0.17,0.194387347,"0",5,0.2611440584916409,0.3333333333333333,0.5,-0.5637816930233399,-0.5624999999999999,100,1.0
0.17,0.194387347,"1",5,0.502374322361354,0.9,0.9,-0.20359670881229847,-0.5,100,1.0
0.17,0.194387347,"2",0,"","","","","",0,0.0
0.18,0.196911388,"0",5,0.2611440584916409,0.3333333333333333,0.5,-0.5637816930233399,-0.5624999999999999,100,1.0
0.18,0.196911388,"1",5,0.502374322361354,0.9,0.9,-0.20359670881229847,-0.5,100,1.0
0.18,0.196911388,"2",0,"","","","","",0,0.0
0.19,0.199435429,"0",5,0.2611440584916409,0.3333333333333333,0.5,-0.5637816930233399,-0.5624999999999999,100,1.0
0.19,0.199435429,"1",5,0.502374322361354,0.9,0.9,-0.20359670881229847,-0.5,100,1.0
0.19,0.199435429,"2",0,"","","","","",0,0.0
0.2,0.20195947,"0",5,0.2611440584916409,0.3333333333333333,0.5,-0.5637816930233399,-0.5624999999999999,100,1.0
0.2,0.20195947,"1",5,0.502374322361354,0.9,0.9,-0.20359670881229847,-0.5,100,1.0
0.2,0.20195947,"2",0,"","","","","",0,0.0
0.21,0.20448351099999998,"0",5,0.2611440584916409,0.3333333333333333,0.5,-0.5637816930233399,-0.5624999999999999,100,1.0
0.21,0.20448351099999998,"1",5,0.502374322361354,0.9,0.9,-0.20359670881229847,-0.5,100,1.0
0.21,0.20448351099999998,"2",0,"","","","","",0,0.0
0.22,0.20700755199999998,"0",5,0.2611440584916409,0.3333333333333333,0.5,-0.5637816930233399,-0.5624999999999999,100,1.0
0.22,0.20700755199999998,"1",5,0.502374322361354,0.9,0.9,-0.20359670881229847,-0.5,100,1.0
0.22,0.20700755199999998,"2",0,"","","","","",0,0.0
0.23,0.21464239100000002,"0",5,0.2611440584916409,0.3333333333333333,0.5,-0.5637816930233399,-0.5624999999999999,100,1.0
0.23,0.21464239100000002,"1",5,0.5383612052212652,0.8666666666666666,0.8,-0.4453447051105197,-0.5483870967741936,100,1.0
0.23,0.21464239100000002,"2",0,"","","","","",0,0.0
0.24,0.223737458,"0",5,0.2611440584916409,0.3333333333333333,0.5,-0.5637816930233399,-0.5624999999999999,100,1.0
0.24,0.223737458,"1",5,0.5383612052212652,0.8666666666666666,0.8,-0.4453447051105197,-0.5483870967741936,100,1.0
0.24,0.223737458,"2",0,"","","","","",0,0.0
0.25,0.232832525,"0",5,0.2611440584916409,0.3333333333333333,0.5,-0.5637816930233399,-0.5624999999999999,100,1.0
0.25,0.232832525,"1",5,0.5383612052212652,0.8666666666666666,0.8,-0.4453447051105197,-0.5483870967741936,100,1.0
0.25,0.232832525,"2",0,"","","","","",0,0.0
0.26,0.241927592,"0",5,0.2611440584916409,0.3333333333333333,0.5,-0.5637816930233399,-0.5624999999999999,100,1.0
0.26,0.241927592,"1",5,0.5383612052212652,0.8666666666666666,0.8,-0.4453447051105197,-0.5483870967741936,100,1.0
0.26,0.241927592,"2",0,"","","","","",0,0.0
0.27,0.25102265900000004,"0",5,0.2611440584916409,0.3333333333333333,0.5,-0.5637816930233399,-0.5624999999999999,100,1.0
0.27,0.25102265900000004,"1",5,0.5383612052212652,0.8666666666666666,0.8,-0.4453447051105197,-0.5483870967741936,100,1.0
0.27,0.25102265900000004,"2",0,"","","","","",0,0.0
0.28,0.25850892480000004,"0",5,0.2611440584916409,0.3333333333333333,0.5,-0.5637816930233399,-0.5624999999999999,100,1.0
0.28,0.25850892480000004,"1",5,0.48388931160933646,0.7,0.7,-0.3993919128621254,-0.5555555555555558,100,1.0
0.28,0.25850892480000004,"2",0,"","","","","",0,0.0
0.29,0.2603643864,"0",5,0.2611440584916409,0.3333333333333333,0.5,-0.5637816930233399,-0.5624999999999999,100,1.0
0.29,0.2603643864,"1",5,0.48388931160933646,0.7,0.7,-0.3993919128621254,-0.5555555555555558,100,1.0
0.29,0.2603643864,"2",0,"","","","","",0,0.0
0.3,0.262219848,"0",5,0.2611440584916409,0.3333333333333333,0.5,-0.5637816930233399,-0.5624999999999999,100,1.0
0.3,0.262219848,"1",5,0.48388931160933646,0.7,0.7,-0.3993919128621254,-0.5555555555555558,100,1.0
0.3,0.262219848,"2",0,"","","","","",0,0.0
0.31,0.2640753096,"0",5,0.2611440584916409,0.3333333333333333,0.5,-0.5637816930233399,-0.5624999999999999,100,1.0
0.31,0.2640753096,"1",5,0.48388931160933646,0.7,0.7,-0.3993919128621254,-0.5555555555555558,100,1.0
0.31,0.2640753096,"2",0,"","","","","",0,0.0
0.32,0.26593077119999997,"0",5,0.2611440584916409,0.3333333333333333,0.5,-0.5637816930233399,-0.5624999999999999,100,1.0
0.32,0.26593077119999997,"1",5,0.48388931160933646,0.7,0.7,-0.3993919128621254,-0.5555555555555558,100,1.0
0.32,0.26593077119999997,"2",0,"","","","","",0,0.0
0.33,0.26778623279999997,"0",5,0.2611440584916409,0.3333333333333333,0.5,-0.5637816930233399,-0.5624999999999999,100,1.0
0.33,0.26778623279999997,"1",5,0.48388931160933646,0.7,0.7,-0.3993919128621254,-0.5555555555555558,100,1.0
0.33,0.26778623279999997,"2",0,"","","","","",0,0.0
0.34,0.2694307116,"0",5,0.2611440584916409,0.3333333333333333,0.5,-0.5637816930233399,-0.5624999999999999,100,1.0
0.34,0.2694307116,"1",4,0.6929964430567616,1.0,1.0,-0.33333333333333326,"",80,0.8
0.34,0.2694307116,"2",0,"","","","","",0,0.0
0.35,0.270969699,"0",5,0.2611440584916409,0.3333333333333333,0.5,-0.5637816930233399,-0.5624999999999999,100,1.0
0.35,0.270969699,"1",4,0.6929964430567616,1.0,1.0,-0.33333333333333326,"",80,0.8
0.35,0.270969699,"2",0,"","","","","",0,0.0
0.36,0.2725086864,"0",5,0.2611440584916409,0.3333333333333333,0.5,-0.5637816930233399,-0.5624999999999999,100,1.0
0.36,0.2725086864,"1",4,0.6929964430567616,1.0,1.0,-0.33333333333333326,"",80,0.8
0.36,0.2725086864,"2",0,"","","","","",0,0.0
0.37,0.2740476738,"0",5,0.2611440584916409,0.3333333333333333,0.5,-0.5637816930233399,-0.5624999999999999,100,1.0
0.37,0.2740476738,"1",4,0.6929964430567616,1.0,1.0,-0.33333333333333326,"",80,0.8
0.37,0.2740476738,"2",0,"","","","","",0,0.0
0.38,0.2755866612,"0",5,0.2611440584916409,0.3333333333333333,0.5,-0.5637816930233399,-0.5624999999999999,100,1.0
0.38,0.2755866612,"1",4,0.6929964430567616,1.0,1.0,-0.33333333333333326,"",80,0.8
0.38,0.2755866612,"2",0,"","","","","",0,0.0
0.39,0.27756864700000006,"0",4,0.4570021023603716,0.5833333333333333,0.6666666666666666,-0.6272655881966924,-0.7142857142857143,80,0.8
0.39,0.27756864700000006,"1",4,0.6929964430567616,1.0,1.0,-0.33333333333333326,"",80,0.8
0.39,0.27756864700000006,"2",0,"","","","","",0,0.0
0.4,0.28309462,"0",4,0.4570021023603716,0.5833333333333333,0.6666666666666666,-0.6272655881966924,-0.7142857142857143,80,0.8
0.4,0.28309462,"1",4,0.6929964430567616,1.0,1.0,-0.33333333333333326,"",80,0.8
0.4,0.28309462,"2",0,"","","","","",0,0.0
0.41,0.28862059300000004,"0",4,0.4570021023603716,0.5833333333333333,0.6666666666666666,-0.6272655881966924,-0.7142857142857143,80,0.8
0.41,0.28862059300000004,"1",4,0.6929964430567616,1.0,1.0,-0.33333333333333326,"",80,0.8
0.41,0.28862059300000004,"2",0,"","","","","",0,0.0
0.42,0.294146566,"0",4,0.4570021023603716,0.5833333333333333,0.6666666666666666,-0.6272655881966924,-0.7142857142857143,80,0.8
0.42,0.294146566,"1",4,0.6929964430567616,1.0,1.0,-0.33333333333333326,"",80,0.8
0.42,0.294146566,"2",0,"","","","","",0,0.0
0.43,0.299672539,"0",4,0.4570021023603716,0.5833333333333333,0.6666666666666666,-0.6272655881966924,-0.7142857142857143,80,0.8
0.43,0.299672539,"1",4,0.6929964430567616,1.0,1.0,-0.33333333333333326,"",80,0.8
0.43,0.299672539,"2",0,"","","","","",0,0.0
0.44,0.305198512,"0",4,0.4570021023603716,0.5833333333333333,0.6666666666666666,-0.6272655881966924,-0.7142857142857143,80,0.8
0.44,0.305198512,"1",4,0.6929964430567616,1.0,1.0,-0.33333333333333326,"",80,0.8
0.44,0.305198512,"2",0,"","","","","",0,0.0
0.45,0.311072236,"0",4,0.0,0.0,0.5,-0.4709396613748511,-0.5,80,0.8
0.45,0.311072236,"1",4,0.6929964430567616,1.0,1.0,-0.33333333333333326,"",80,0.8
0.45,0.311072236,"2",0,"","","","","",0,0.0
0.46,0.31722416080000004,"0",4,0.0,0.0,0.5,-0.4709396613748511,-0.5,80,0.8
0.46,0.31722416080000004,"1",4,0.6929964430567616,1.0,1.0,-0.33333333333333326,"",80,0.8
0.46,0.31722416080000004,"2",0,"","","","","",0,0.0
0.47,0.3233760856,"0",4,0.0,0.0,0.5,-0.4709396613748511,-0.5,80,0.8
0.47,0.3233760856,"1",4,0.6929964430567616,1.0,1.0,-0.33333333333333326,"",80,0.8
0.47,0.3233760856,"2",0,"","","","","",0,0.0
0.48,0.3295280104,"0",4,0.0,0.0,0.5,-0.4709396613748511,-0.5,80,0.8
0.48,0.3295280104,"1",4,0.6929964430567616,1.0,1.0,-0.33333333333333326,"",80,0.8
0.48,0.3295280104,"2",0,"","","","","",0,0.0
0.49,0.3356799352,"0",4,0.0,0.0,0.5,-0.4709396613748511,-0.5,80,0.8
0.49,0.3356799352,"1",4,0.6929964430567616,1.0,1.0,-0.33333333333333326,"",80,0.8
0.49,0.3356799352,"2",0,"","","","","",0,0.0
0.5,0.34183186,"0",4,0.0,0.0,0.5,-0.4709396613748511,-0.5,80,0.8
0.5,0.34183186,"1",4,0.6929964430567616,1.0,1.0,-0.33333333333333326,"",80,0.8
0.5,0.34183186,"2",0,"","","","","",0,0.0
0.51,0.34928897919999996,"0",4,0.0,0.0,0.5,-0.4709396613748511,-0.5,80,0.8
0.51,0.34928897919999996,"1",4,0.6525994906746264,0.8333333333333333,0.8333333333333334,-0.5304607246192884,-0.6666666666666666,80,0.8
0.51,0.34928897919999996,"2",0,"","","","","",0,0.0
0.52,0.3567460984,"0",4,0.0,0.0,0.5,-0.4709396613748511,-0.5,80,0.8
0.52,0.3567460984,"1",4,0.6525994906746264,0.8333333333333333,0.8333333333333334,-0.5304607246192884,-0.6666666666666666,80,0.8
0.52,0.3567460984,"2",0,"","","","","",0,0.0
0.53,0.3642032176,"0",4,0.0,0.0,0.5,-0.4709396613748511,-0.5,80,0.8
0.53,0.3642032176,"1",4,0.6525994906746264,0.8333333333333333,0.8333333333333334,-0.5304607246192884,-0.6666666666666666,80,0.8
0.53,0.3642032176,"2",0,"","","","","",0,0.0
0.54,0.37166033680000005,"0",4,0.0,0.0,0.5,-0.4709396613748511,-0.5,80,0.8
0.54,0.37166033680000005,"1",4,0.6525994906746264,0.8333333333333333,0.8333333333333334,-0.5304607246192884,-0.6666666666666666,80,0.8
0.54,0.37166033680000005,"2",0,"","","","","",0,0.0
0.55,0.379117456,"0",4,0.0,0.0,0.5,-0.4709396613748511,-0.5,80,0.8
0.55,0.379117456,"1",4,0.6525994906746264,0.8333333333333333,0.8333333333333334,-0.5304607246192884,-0.6666666666666666,80,0.8
0.55,0.379117456,"2",0,"","","","","",0,0.0
0.56,0.3938625368000002,"0",4,0.0,0.0,0.5,-0.4709396613748511,-0.5,80,0.8
0.56,0.3938625368000002,"1",4,0.5305348361099733,0.5833333333333333,0.6666666666666666,-0.5743162889110336,-0.7142857142857143,80,0.8
0.56,0.3938625368000002,"2",0,"","","","","",0,0.0
0.57,0.4177175696000002,"0",4,0.0,0.0,0.5,-0.4709396613748511,-0.5,80,0.8
0.57,0.4177175696000002,"1",4,0.5305348361099733,0.5833333333333333,0.6666666666666666,-0.5743162889110336,-0.7142857142857143,80,0.8
0.57,0.4177175696000002,"2",0,"","","","","",0,0.0
0.58,0.44157260239999996,"0",4,0.0,0.0,0.5,-0.4709396613748511,-0.5,80,0.8
0.58,0.44157260239999996,"1",4,0.5305348361099733,0.5833333333333333,0.6666666666666666,-0.5743162889110336,-0.7142857142857143,80,0.8
0.58,0.44157260239999996,"2",0,"","","","","",0,0.0
0.59,0.4654276351999999,"0",4,0.0,0.0,0.5,-0.4709396613748511,-0.5,80,0.8
0.59,0.4654276351999999,"1",4,0.5305348361099733,0.5833333333333333,0.6666666666666666,-0.5743162889110336,-0.7142857142857143,80,0.8
0.59,0.4654276351999999,"2",0,"","","","","",0,0.0
0.6,0.48928266799999987,"0",4,0.0,0.0,0.5,-0.4709396613748511,-0.5,80,0.8
0.6,0.48928266799999987,"1",4,0.5305348361099733,0.5833333333333333,0.6666666666666666,-0.5743162889110336,-0.7142857142857143,80,0.8
0.6,0.48928266799999987,"2",0,"","","","","",0,0.0
0.61,0.5131377008000001,"0",4,0.0,0.0,0.5,-0.4709396613748511,-0.5,80,0.8
0.61,0.5131377008000001,"1",4,0.5305348361099733,0.5833333333333333,0.6666666666666666,-0.5743162889110336,-0.7142857142857143,80,0.8
0.61,0.5131377008000001,"2",0,"","","","","",0,0.0
0.62,0.5181714984,"0",3,0.0,0.0,0.6666666666666666,-0.9997369716821335,-1.0,60,0.6
0.62,0.5181714984,"1",5,0.3031627634914133,0.3333333333333333,0.5,-0.457985336408568,-0.5624999999999999,100,1.0
0.62,0.5181714984,"2",0,"","","","","",0,0.0
0.63,0.5208526416,"0",3,0.0,0.0,0.6666666666666666,-0.9997369716821335,-1.0,60,0.6
0.63,0.5208526416,"1",5,0.3031627634914133,0.3333333333333333,0.5,-0.457985336408568,-0.5624999999999999,100,1.0
0.63,0.5208526416,"2",0,"","","","","",0,0.0
0.64,0.5235337848,"0",3,0.0,0.0,0.6666666666666666,-0.9997369716821335,-1.0,60,0.6
0.64,0.5235337848,"1",5,0.3031627634914133,0.3333333333333333,0.5,-0.457985336408568,-0.5624999999999999,100,1.0
0.64,0.5235337848,"2",0,"","","","","",0,0.0
0.65,0.526214928,"0",3,0.0,0.0,0.6666666666666666,-0.9997369716821335,-1.0,60,0.6
0.65,0.526214928,"1",5,0.3031627634914133,0.3333333333333333,0.5,-0.457985336408568,-0.5624999999999999,100,1.0
0.65,0.526214928,"2",0,"","","","","",0,0.0
0.66,0.5288960712,"0",3,0.0,0.0,0.6666666666666666,-0.9997369716821335,-1.0,60,0.6
0.66,0.5288960712,"1",5,0.3031627634914133,0.3333333333333333,0.5,-0.457985336408568,-0.5624999999999999,100,1.0
0.66,0.5288960712,"2",0,"","","","","",0,0.0
0.67,0.531354144,"0",3,0.0,0.0,0.6666666666666666,-0.9997369716821335,-1.0,60,0.6
0.67,0.531354144,"1",4,0.5305348361099733,0.5833333333333333,0.6666666666666666,-0.5743162889110336,-0.7142857142857143,80,0.8
0.67,0.531354144,"2",0,"","","","","",0,0.0
0.68,0.533366076,"0",3,0.0,0.0,0.6666666666666666,-0.9997369716821335,-1.0,60,0.6
0.68,0.533366076,"1",4,0.5305348361099733,0.5833333333333333,0.6666666666666666,-0.5743162889110336,-0.7142857142857143,80,0.8
0.68,0.533366076,"2",0,"","","","","",0,0.0
0.69,0.5353780079999999,"0",3,0.0,0.0,0.6666666666666666,-0.9997369716821335,-1.0,60,0.6
0.69,0.5353780079999999,"1",4,0.5305348361099733,0.5833333333333333,0.6666666666666666,-0.5743162889110336,-0.7142857142857143,80,0.8
0.69,0.5353780079999999,"2",0,"","","","","",0,0.0
0.7,0.53738994,"0",3,0.0,0.0,0.6666666666666666,-0.9997369716821335,-1.0,60,0.6
0.7,0.53738994,"1",4,0.5305348361099733,0.5833333333333333,0.6666666666666666,-0.5743162889110336,-0.7142857142857143,80,0.8
0.7,0.53738994,"2",0,"","","","","",0,0.0
0.71,0.539401872,"0",3,0.0,0.0,0.6666666666666666,-0.9997369716821335,-1.0,60,0.6
0.71,0.539401872,"1",4,0.5305348361099733,0.5833333333333333,0.6666666666666666,-0.5743162889110336,-0.7142857142857143,80,0.8
0.71,0.539401872,"2",0,"","","","","",0,0.0
0.72,0.5414138039999999,"0",3,0.0,0.0,0.6666666666666666,-0.9997369716821335,-1.0,60,0.6
0.72,0.5414138039999999,"1",4,0.5305348361099733,0.5833333333333333,0.6666666666666666,-0.5743162889110336,-0.7142857142857143,80,0.8
0.72,0.5414138039999999,"2",0,"","","","","",0,0.0
0.73,0.551558588,"0",3,0.0,0.0,0.6666666666666666,-0.9997369716821335,-1.0,60,0.6
0.73,0.551558588,"1",3,0.90948829047424,1.0,1.0,-0.4999999999999999,"",60,0.6
0.73,0.551558588,"2",0,"","","","","",0,0.0
0.74,0.564027044,"0",3,0.0,0.0,0.6666666666666666,-0.9997369716821335,-1.0,60,0.6
0.74,0.564027044,"1",3,0.90948829047424,1.0,1.0,-0.4999999999999999,"",60,0.6
0.74,0.564027044,"2",0,"","","","","",0,0.0
0.75,0.5764955,"0",3,0.0,0.0,0.6666666666666666,-0.9997369716821335,-1.0,60,0.6
0.75,0.5764955,"1",3,0.90948829047424,1.0,1.0,-0.4999999999999999,"",60,0.6
0.75,0.5764955,"2",0,"","","","","",0,0.0
0.76,0.588963956,"0",3,0.0,0.0,0.6666666666666666,-0.9997369716821335,-1.0,60,0.6
0.76,0.588963956,"1",3,0.90948829047424,1.0,1.0,-0.4999999999999999,"",60,0.6
0.76,0.588963956,"2",0,"","","","","",0,0.0
0.77,0.601432412,"0",3,0.0,0.0,0.6666666666666666,-0.9997369716821335,-1.0,60,0.6
0.77,0.601432412,"1",3,0.90948829047424,1.0,1.0,-0.4999999999999999,"",60,0.6
0.77,0.601432412,"2",0,"","","","","",0,0.0
0.78,0.6116973532000001,"0",2,0.0,0.0,1.0,"","",40,0.4
0.78,0.6116973532000001,"1",3,0.90948829047424,1.0,1.0,-0.4999999999999999,"",60,0.6
0.78,0.6116973532000001,"2",0,"","","","","",0,0.0
0.79,0.6142499926,"0",2,0.0,0.0,1.0,"","",40,0.4
0.79,0.6142499926,"1",3,0.90948829047424,1.0,1.0,-0.4999999999999999,"",60,0.6
0.79,0.6142499926,"2",0,"","","","","",0,0.0
0.8,0.616802632,"0",2,0.0,0.0,1.0,"","",40,0.4
0.8,0.616802632,"1",3,0.90948829047424,1.0,1.0,-0.4999999999999999,"",60,0.6
0.8,0.616802632,"2",0,"","","","","",0,0.0
0.81,0.6193552714,"0",2,0.0,0.0,1.0,"","",40,0.4
0.81,0.6193552714,"1",3,0.90948829047424,1.0,1.0,-0.4999999999999999,"",60,0.6
0.81,0.6193552714,"2",0,"","","","","",0,0.0
0.82,0.6219079108,"0",2,0.0,0.0,1.0,"","",40,0.4
0.82,0.6219079108,"1",3,0.90948829047424,1.0,1.0,-0.4999999999999999,"",60,0.6
0.82,0.6219079108,"2",0,"","","","","",0,0.0
0.83,0.6244605502,"0",2,0.0,0.0,1.0,"","",40,0.4
0.83,0.6244605502,"1",3,0.90948829047424,1.0,1.0,-0.4999999999999999,"",60,0.6
0.83,0.6244605502,"2",0,"","","","","",0,0.0
0.84,0.6321259864,"0",0,"","","","","",0,0.0
0.84,0.6321259864,"1",3,0.90948829047424,1.0,1.0,-0.4999999999999999,"",60,0.6
0.84,0.6321259864,"2",0,"","","","","",0,0.0
0.85,0.642347821,"0",0,"","","","","",0,0.0
0.85,0.642347821,"1",3,0.90948829047424,1.0,1.0,-0.4999999999999999,"",60,0.6
0.85,0.642347821,"2",0,"","","","","",0,0.0
0.86,0.6525696556,"0",0,"","","","","",0,0.0
0.86,0.6525696556,"1",3,0.90948829047424,1.0,1.0,-0.4999999999999999,"",60,0.6
0.86,0.6525696556,"2",0,"","","","","",0,0.0
0.87,0.6627914902,"0",0,"","","","","",0,0.0
0.87,0.6627914902,"1",3,0.90948829047424,1.0,1.0,-0.4999999999999999,"",60,0.6
0.87,0.6627914902,"2",0,"","","","","",0,0.0
0.88,0.6730133248,"0",0,"","","","","",0,0.0
0.88,0.6730133248,"1",3,0.90948829047424,1.0,1.0,-0.4999999999999999,"",60,0.6
0.88,0.6730133248,"2",0,"","","","","",0,0.0
0.89,0.682879292,"0",0,"","","","","",0,0.0
0.89,0.682879292,"1",3,0.0,0.0,0.6666666666666666,-0.9935002492512361,-1.0,60,0.6
0.89,0.682879292,"2",0,"","","","","",0,0.0
0.9,0.68989832,"0",0,"","","","","",0,0.0
0.9,0.68989832,"1",3,0.0,0.0,0.6666666666666666,-0.9935002492512361,-1.0,60,0.6
0.9,0.68989832,"2",0,"","","","","",0,0.0
0.91,0.6969173479999999,"0",0,"","","","","",0,0.0
0.91,0.6969173479999999,"1",3,0.0,0.0,0.6666666666666666,-0.9935002492512361,-1.0,60,0.6
0.91,0.6969173479999999,"2",0,"","","","","",0,0.0
0.92,0.7039363760000001,"0",0,"","","","","",0,0.0
0.92,0.7039363760000001,"1",3,0.0,0.0,0.6666666666666666,-0.9935002492512361,-1.0,60,0.6
0.92,0.7039363760000001,"2",0,"","","","","",0,0.0
0.93,0.7109554040000001,"0",0,"","","","","",0,0.0
0.93,0.7109554040000001,"1",3,0.0,0.0,0.6666666666666666,-0.9935002492512361,-1.0,60,0.6
0.93,0.7109554040000001,"2",0,"","","","","",0,0.0
0.94,0.717974432,"0",0,"","","","","",0,0.0
0.94,0.717974432,"1",3,0.0,0.0,0.6666666666666666,-0.9935002492512361,-1.0,60,0.6
0.94,0.717974432,"2",0,"","","","","",0,0.0
0.95,0.7298428069999998,"0",0,"","","","","",0,0.0
0.95,0.7298428069999998,"1",2,0.0,0.0,1.0,"","",40,0.4
0.95,0.7298428069999998,"2",0,"","","","","",0,0.0
0.96,0.7455906596000001,"0",0,"","","","","",0,0.0
0.96,0.7455906596000001,"1",2,0.0,0.0,1.0,"","",40,0.4
0.96,0.7455906596000001,"2",0,"","","","","",0,0.0
0.97,0.7613385122000002,"0",0,"","","","","",0,0.0
0.97,0.7613385122000002,"1",2,0.0,0.0,1.0,"","",40,0.4
0.97,0.7613385122000002,"2",0,"","","","","",0,0.0
0.98,0.7770863648,"0",0,"","","","","",0,0.0
0.98,0.7770863648,"1",2,0.0,0.0,1.0,"","",40,0.4
0.98,0.7770863648,"2",0,"","","","","",0,0.0
0.99,0.7928342174,"0",0,"","","","","",0,0.0
0.99,0.7928342174,"1",2,0.0,0.0,1.0,"","",40,0.4
0.99,0.7928342174,"2",0,"","","","","",0,0.0
1.0,0.80858207,"0",0,"","","","","",0,0.0
1.0,0.80858207,"1",2,0.0,0.0,1.0,"","",40,0.4
1.0,0.80858207,"2",0,"","","","","",0,0.0
